{
  "manifest": {
    "publishingInformation": {
      "locales": {
        "en-GB": {
          "summary": "Choose between four different types of facts to learn about Bulgaria!",
          "examplePhrases": [
            "Alexa, start cool Bulgaria facts bot."
          ],
          "keywords": [
            "bulgaria",
            "facts",
            "random"
          ],
          "name": "Facts about Bulgaria",
          "description": "You can ask Alexa to give you different types of facts about Bulgaria. You can choose between nature facts, food facts, culture facts and history facts.",
          "smallIconUri": "file://assets/images/en-GB_smallIconUri.png",
          "largeIconUri": "file://assets/images/en-GB_largeIconUri.png"
        }
      },
      "automaticDistribution": {
        "isActive": false
      },
      "isAvailableWorldwide": true,
      "testingInstructions": "use an utterance containing \"cool bulgaria facts bot\" to trigger the skill",
      "category": "KNOWLEDGE_AND_TRIVIA",
      "distributionMode": "PUBLIC",
      "distributionCountries": []
    },
    "apis": {
      "custom": {
        "endpoint": {
          "uri": "arn:aws:lambda:eu-west-1:032795522867:function:6d3df090-dc2c-4451-97fd-4d47633c4c88:Release_0"
        },
        "interfaces": [],
        "regions": {
          "EU": {
            "endpoint": {
              "uri": "arn:aws:lambda:eu-west-1:032795522867:function:6d3df090-dc2c-4451-97fd-4d47633c4c88:Release_0"
            }
          },
          "NA": {
            "endpoint": {
              "uri": "arn:aws:lambda:us-east-1:032795522867:function:6d3df090-dc2c-4451-97fd-4d47633c4c88:Release_0"
            }
          },
          "FE": {
            "endpoint": {
              "uri": "arn:aws:lambda:us-west-2:032795522867:function:6d3df090-dc2c-4451-97fd-4d47633c4c88:Release_0"
            }
          }
        }
      }
    },
    "manifestVersion": "1.0",
    "privacyAndCompliance": {
      "allowsPurchases": false,
      "locales": {
        "en-GB": {}
      },
      "containsAds": false,
      "isExportCompliant": true,
      "isChildDirected": false,
      "shoppingKit": {
        "isShoppingActionsEnabled": false,
        "isAmazonAssociatesOnAlexaEnabled": false
      },
      "usesPersonalInfo": false
    }
  }
}