{
  "interactionModel": {
    "languageModel": {
      "invocationName": "cool bulgaria facts bot",
      "intents": [
        {
          "name": "AMAZON.CancelIntent",
          "samples": [
            "cancel"
          ]
        },
        {
          "name": "AMAZON.HelpIntent",
          "samples": [
            "more infirmation",
            "help"
          ]
        },
        {
          "name": "AMAZON.StopIntent",
          "samples": [
            "no",
            "no thanks",
            "no thank you",
            "stop bulgaria facts",
            "stop"
          ]
        },
        {
          "name": "AMAZON.NavigateHomeIntent",
          "samples": [
            "back",
            "home"
          ]
        },
        {
          "name": "AMAZON.FallbackIntent",
          "samples": []
        },
        {
          "name": "NatureFactIntent",
          "slots": [],
          "samples": [
            "tell me about bulgaria\u0027s nature",
            "nature fact",
            "tell me something about bulgaria\u0027s nature",
            "tell me a fact about nature"
          ]
        },
        {
          "name": "CultureFactIntent",
          "slots": [],
          "samples": [
            "culture fact please",
            "culture fact",
            "tell me something about the culture",
            "tell me something about bulgaria\u0027s culture",
            "tell me a fact about bulgaria\u0027s culture"
          ]
        },
        {
          "name": "HistoryFactIntent",
          "slots": [],
          "samples": [
            "tell me a fact from history",
            "tell me about the history",
            "history fact",
            "tell me something about bulgaria\u0027s history"
          ]
        },
        {
          "name": "FoodFactIntent",
          "slots": [],
          "samples": [
            "food",
            "food fact",
            "tell me a food fact",
            "tell me a fact about bulgarian food",
            "tell me a fact about food"
          ]
        },
        {
          "name": "AnotherFactIntent",
          "slots": [],
          "samples": [
            "yep",
            "yeah",
            "yes",
            "yea",
            "another fact",
            "give me another fact",
            "could i get another fact please"
          ]
        }
      ],
      "types": []
    }
  },
  "version": "10"
}